{
  "afvpn": {
    "err_ring_sz": 128,
    "sticky_conns": 0,
    "reliable_delivery": 1
  },
  "modules": {
    "tun": {
      "fd": "%FD%"
    },
    "viper": {
      "nat": {
        "log-level": "DEBUG",
        "conntrack-table-size": "1024",
        "ip-to-fqdn-table-size": "1024",
        "nr-ip-to-fqdn-table-size": "1024"
      },
      "dns-proxy": {
        "bypass-ifname": "eth0",
        "session-table-size": "1024",
        "fqdn-to-ip-table-size": "1024",
        "fqdn-to-nr-ip-table-size": "1024",
        "proxy-rules": []
      },
      "generic-proxy": {
        "bypass-ifname": "eth0",
        "session-table-size": "1024",
        "proxy-rules": [
          {
            "type": "proxy_peer",
            "default": 1
          }
        ]
      }
    },
    "tranceport": {
      "ssl": "%SSL%",
      "dequeue": 1,
      "dequeue_r": 1,
      "enqueue": 0,
      "enqueue_r": 3,
      "hash": "%PWD%",
      "auth_string": "%AUTH_STRING%",
      "channel": "HSSCNL000001",
      "version": "1",
      "max_postponed": 524288,
      "reorder_stats": 100,
      "frontend": {
        "flush": 1,
        "flush_type": 1,
        "max_queue": 65536,
        "pools": [
          {
            "impl": "local",
            "id": 3,
            "link": "bev_lproxy",
            "ip": "127.0.0.1",
            "port": 8083,
            "prealloc": 64,
            "max_cnt": 1024,
            "ltv_est": 3600000,
            "ltv_close": 10000,
            "local_proxy": 0
          },
          {
            "impl": "local",
            "id": 5,
            "link": "bev_gnrprx",
            "ip": "127.0.0.1",
            "port": 8082,
            "prealloc": 64,
            "max_cnt": 1024,
            "ltv_est": 3600000,
            "ltv_close": 10000,
            "local_proxy": 0
          },
          {
            "impl": "local",
            "id": 8,
            "link": "packet",
            "ip": "172.31.0.1",
            "prealloc": 64,
            "preconnect": 16,
            "max_cnt": 20000,
            "ltv_est": 180000,
            "ltv_clo": 5000,
            "max_cnt": 1024,
            "ltv_est": 180000,
            "ltv_clo": 5000
          }
        ]
      },
      "backend": {
        "flush": 1,
        "flush_type": 1,
        "max_queue": 65536,
        "pools": [
          {
            "impl": "remote",
            "id": 0,
            "link": "evssl",
            "ip": "0.0.0.0",
            "port": 443,
            "prealloc": 8,
            "preconnect": 8,
            "allocate": 8,
            "state_ring_sz": 24,
            "frame_size": 5824
          }
        ]
      }
    }
  },
  "sd": {
    "file": {
      "server_time_created": 1491423469,
      "version": "v1"
    },
    "session": {
      "start": {
        "min_max_start_ips": [
          1,
          1
        ],
        "min_max_delay_next_section": [
          2000,
          4000
        ]
      }
    },
    "defaults": {
      "random_server": 0
    },
    "routes": "%ROUTES%",
    "SNIs": "%SNIs%"
  }
}
