{
  "afvpn": {
    "err_ring_sz": 255
  },
  "modules": {
    "tun": {
      "fd": "%FD%"
    },
    "viper": {
      "nat": {
        "log-level": "FATAL",
        "laddr": "10.253.0.2",
        "raddr": "10.253.0.1",
        "netmask": "255.255.255.252",
        "mtu": "1500",
        "conntrack-table-size": "1024",
        "conntrack-table-max-count": "1024",
        "conntrack-inactivity-timeout": "120",
        "ip-to-fqdn-table-size": "1024",
        "nr-ip-to-fqdn-table-size": "1024",
        "http-proxy-addr": "10.253.0.2",
        "http-proxy-port": "8083"
      },
      "dns-proxy": {
        "bypass-ifname": "wlan0",
        "bypass-dnsserver": "8.8.8.8",
        "port": "1053",
        "io-timeout": "15",
        "session-table-size": "1024",
        "session-table-inactivity-timeout-tcp": "120",
        "session-table-inactivity-timeout-udp": "30",
        "fqdn-to-ip-table-size": "1024",
        "fqdn-to-nr-ip-table-size": "1024",
        "proxy-rules": "%DNS_PROXY_RULES%"
      },
      "generic-proxy": {
        "http-port": "1083",
        "bypass-ifname": "wlan0",
        "generic-port": "1617",
        "https-port": "1443",
        "io-timeout": "15",
        "session-table-size": "1024",
        "session-table-inactivity-timeout-udp": "30",
        "session-table-inactivity-timeout-tcp": "120",
        "proxy-rules": [
          {
            "type": "%TYPE%",
            "default": 1
          }
        ],
        "plugin-chain": [
          {
            "name": "gnrprx"
          }
        ]
      }
    },
    "tranceport": {
      "ssl": {
        "server_auth": "%SERVER_AUTH_MODE%"
      },
      "auth_string": "%AUTH_STRING%",
      "hash": "%PWD%",
      "channel": "HSSCNL000001",
      "version": "0",
      "dequeue": 1,
      "dequeue_r": 1,
      "enqueue": 0,
      "enqueue_r": 3,
      "max_postponed": 524288,
      "frontend": {
        "flush": 1,
        "flush_type": 1,
        "max_queue": 65536,
        "pools": [
          {
            "impl": "local",
            "id": 5,
            "link": "bev_gnrprx",
            "ip": "10.253.0.2",
            "port": 8085,
            "prealloc": 64,
            "max_cnt": 1024,
            "ltv_est": 3600000,
            "ltv_close": 10000
          },
          {
            "impl": "local",
            "id": 3,
            "link": "bev_lproxy",
            "ip": "10.253.0.2",
            "port": 8083,
            "prealloc": 64,
            "max_cnt": 1024,
            "ltv_est": 3600000,
            "ltv_close": 10000,
            "compress": 1,
            "native": 0
          },
          {
            "impl": "local",
            "id": 7,
            "link": "packet",
            "ip": "10.253.0.2",
            "check-src-ip": 0,
            "prealloc": 64,
            "max_cnt": 1024,
            "ltv_est": 180000,
            "ltv_clo": 5000
          }
        ]
      },
      "backend": {
        "flush": 1,
        "flush_type": 1,
        "max_queue": 262144,
        "pools": [
          {
            "impl": "remote",
            "id": 0,
            "link": "evssl",
            "ip": "%IP%",
            "port": 443,
            "prealloc": 4,
            "preconnect": 4,
            "allocate": 4,
            "err_ring_sz": 128,
            "state_ring_sz": 24,
            "frame_size": 5824,
            "conn_to": 30,
            "client_domain_name": "cloudfront.net"
          }
        ]
      }
    }
  }
}